player_id,full_name,team,position,adp,gp,mu_week,sd_week,season_mean,season_std,p10,p90,vorp,pos_rank,overall_rank
4984,Josh Allen,BUF,QB,22.3,36,22.619019628242473,10.856111562925697,317.80698653045727,40.28252327075382,266.4996988930705,370.03880756032817,64.16157066237312,1.0,1.0
4881,Lamar Jackson,BAL,QB,22.3,36,22.243452247191016,9.840469384095108,310.7940530437111,36.66468230335205,263.89284710892855,358.43803873141206,57.14863717562693,2.0,2.0
11566,Jayden Daniels,WAS,QB,29.7,17,20.007947335945012,10.316800453191899,282.2673969236678,38.14915300453369,233.44319044084008,331.50141190953445,28.621981055583632,3.0,3.0
4892,Baker Mayfield,TB,QB,67.0,16,19.993857232031388,9.446011486948423,279.84525085989964,34.220641844191654,236.13646850563822,323.83221505743603,26.199834991815493,4.0,4.0
6904,Jalen Hurts,PHI,QB,37.7,36,19.845633808433902,9.979205832471383,278.9989892942261,36.20130989114424,232.45097259534063,325.54482460472065,25.353573426141935,5.0,5.0
6770,Joe Burrow,CIN,QB,37.7,29,19.26865229438811,9.947245029839474,270.9964588959664,36.973015544533474,223.31180525006863,318.2602411254064,17.35104302788224,6.0,6.0
7564,Ja'Marr Chase,CIN,WR,1.0,36,18.51768671679198,12.737261472588425,264.6721215447935,44.97423562493464,208.08994803643574,323.08880567612283,79.33186031962822,1.0,7.0
3294,Dak Prescott,DAL,QB,102.7,18,18.66820086003607,10.023860871410022,262.75761544949347,36.55249187967135,215.7715560298883,309.63255621131054,9.112199581409328,7.0,8.0
6786,CeeDee Lamb,DAL,WR,5.7,36,18.434145112781955,11.059506144344011,260.1153467110392,39.36520310037675,210.1218606156994,310.7694057228497,74.77508548587389,2.0,9.0
3163,Jared Goff,DET,QB,99.3,35,18.062740776157465,9.066842464721557,253.64541586808414,32.93458535028436,211.688695010771,295.1831237082486,0.0,8.0,10.0
7547,Amon-Ra St. Brown,DET,WR,9.3,36,17.93871149026412,9.450521395340079,252.37488883684202,34.218742950948204,208.71919579739125,296.0833757701838,67.03462761167671,3.0,11.0
11563,Bo Nix,DEN,QB,73.7,2,17.33961744248261,9.414528936751724,244.96923501211813,34.67517927085033,201.18963335145327,290.02608713920085,-8.67618085596601,9.0,12.0
6797,Justin Herbert,LAC,QB,109.3,21,17.304562680487777,9.134744189226769,244.00947877691146,33.483843622303034,201.6937470482207,287.42170359382874,-9.635937091172678,10.0,13.0
5849,Kyler Murray,ARI,QB,90.3,25,17.360212932033157,8.621897819428805,243.99264387902812,31.511184937472645,202.80706447858188,284.67705491364734,-9.65277198905602,11.0,14.0
6111,Jake Browning,CIN,QB,,4,17.1564606741573,8.757289597100092,241.1730904648534,32.77266528969218,199.1586503339144,283.5618909008848,-12.472325403230741,12.0,15.0
9221,Jahmyr Gibbs,DET,RB,4.0,36,16.99476543322953,10.050227819839662,240.58032464567825,36.1528084914987,193.7078268434271,286.95280803477993,57.819409523974684,1.0,16.0
4046,Patrick Mahomes,KC,QB,54.3,29,17.071272575946733,8.27063177094487,240.3380879836958,29.94933782355604,202.4708581244093,279.5847608338987,-13.307327884388343,13.0,17.0
4866,Saquon Barkley,PHI,RB,2.7,36,16.50488147249191,11.240532871295695,236.2931873155838,39.2469120962588,185.90964294856087,286.8643137616034,53.53227219388023,2.0,18.0
8183,Brock Purdy,SF,QB,100.0,18,16.612591815785823,9.493271330921093,235.12181888891868,34.288575116405006,192.20445617891107,279.8737613353339,-18.52359697916546,14.0,19.0
9509,Bijan Robinson,ATL,RB,2.7,36,16.665222430848143,8.648740942623823,234.14098082053587,31.460606151486203,194.04574110260336,274.2917221675529,51.38006569883231,3.0,20.0
3321,Tyreek Hill,MIA,WR,29.7,36,16.36822712550607,10.522514645019758,232.037445386497,37.422510418582405,184.64041610391146,280.82508334084343,46.697184161331705,4.0,21.0
3198,Derrick Henry,BAL,RB,9.0,36,16.438444441900227,9.093542355100812,231.4816720531834,32.56808978694363,189.86152155915332,273.6167537229299,48.720756931479826,4.0,22.0
4943,Sam Darnold,SEA,QB,174.7,5,16.01168759638687,8.874413136625439,226.12448259172487,32.26537403976734,184.3242167885143,268.5395658388528,-27.520933276359273,15.0,23.0
6804,Jordan Love,GB,QB,129.7,11,16.00853353597858,8.366155248023068,226.083547675819,30.22115534927908,187.19642866166132,265.59749512906336,-27.561868192265138,16.0,24.0
7527,Mac Jones,SF,QB,,1,15.778720829732066,9.739951301692779,223.98347935671433,34.319043143535325,180.00314836548688,268.36178115724795,-29.661936511369817,17.0,25.0
2306,Jameis Winston,NYG,QB,,2,15.567383627608349,9.788394290855026,221.47540265449453,34.68397942179644,177.3028741900839,266.411119150206,-32.17001321358961,18.0,26.0
11559,Michael Penix,ATL,QB,159.3,3,15.578585934248856,9.727137601939186,220.98484165509316,34.559516945100455,175.9339105189967,265.55359855420073,-32.66057421299098,19.0,27.0
9999,Will Levis,TEN,QB,,2,15.333097913322632,9.373034219800488,217.5187151268194,33.36673312367428,175.01455658692822,260.27798741202423,-36.126700741264756,20.0,28.0
6794,Justin Jefferson,MIN,WR,5.0,36,15.12850053017158,10.850456082440592,216.76501533557558,37.56358919475394,169.44665262610556,264.3347866005376,31.424754110410277,5.0,29.0
11631,Brian Thomas,JAX,WR,14.3,18,15.325819610564873,9.054998411012845,216.57510183315048,32.40095148938397,175.23135533276232,258.53401288413784,31.234840607985177,6.0,30.0
6768,Tua Tagovailoa,MIA,QB,155.7,19,15.307115863235474,8.240782847960958,215.6997525129164,29.971330514546246,177.25631600053765,254.8048365215982,-37.94566335516774,21.0,31.0
2028,Derek Carr,,QB,,10,15.226516853932583,9.30279747048003,215.56940058734008,32.86926223864232,174.6225916672004,257.68767738617805,-38.07601528074406,22.0,32.0
11632,Malik Nabers,NYG,WR,11.0,18,15.037270792365529,9.817868613714763,213.8147663178498,34.591627262224485,168.5413162540047,258.98628886622714,28.474505092684495,7.0,33.0
7523,Trevor Lawrence,JAX,QB,165.0,18,15.057134110140105,8.957675222404225,213.11576141714937,32.43866021660139,172.19776743851753,255.22893404192632,-40.52965445093477,23.0,34.0
11560,Caleb Williams,CHI,QB,109.7,3,14.914115244832848,9.03368543805494,211.60710878469814,32.09231590829491,170.635465445048,252.04893640759207,-42.038307083386,24.0,35.0
8155,Breece Hall,NYJ,RB,32.3,36,14.790494199181781,10.042186960368301,211.30571447381936,35.45521762756074,166.5953832504445,256.93890037330186,28.544799352115803,5.0,36.0
1373,Geno Smith,LV,QB,172.0,8,14.83832584269663,8.838648432972812,210.46043705518284,31.403395918473812,170.8616863363689,250.53118717047744,-43.184978812901306,25.0,37.0
7591,Justin Fields,NYJ,QB,103.7,17,14.505726720909207,10.65208939906958,210.04511363409478,37.60156101625207,162.49991755903807,257.85664717632585,-43.60030223398937,26.0,38.0
2216,Mike Evans,TB,WR,39.0,36,14.605089430306535,10.104005187925925,209.85285706969918,35.48924637961314,165.3680124151096,254.11661514275914,24.512595844533877,8.0,39.0
11584,Bucky Irving,TB,RB,19.3,13,14.807441699945045,8.762174653674988,209.34353497517117,31.187843435008155,169.33434314333834,249.13541898898023,26.582619853467605,6.0,40.0
9493,Puka Nacua,LAR,WR,10.7,35,14.476131897665605,10.756034339233727,207.9901802428166,36.96037575834295,160.59433353680282,255.66885700866123,22.649919017651285,9.0,41.0
5870,Daniel Jones,IND,QB,240.5,3,14.472202247191012,10.659855543710407,207.800214971509,37.28347750332233,160.623109224107,256.3541397994477,-45.845200896575136,27.0,42.0
5859,A.J. Brown,PHI,WR,21.7,36,14.494573216695585,10.001278820632685,207.70256494635717,35.1505238864326,163.14375364249292,253.70203344999186,22.362303721191864,10.0,43.0
11564,Drake Maye,NE,QB,124.3,11,14.649458937198068,8.695539176377059,207.07862532805876,31.83206224572305,167.01938549593865,247.04453698252348,-46.56679054002538,28.0,44.0
4983,DJ Moore,CHI,WR,47.7,36,14.471406863312128,9.878213726014952,206.9793247830978,34.99260719414511,163.32649672282957,252.21928728180052,21.639063557932502,11.0,45.0
8150,Kyren Williams,LAR,RB,25.0,34,14.396288944463471,10.06376144249779,206.56708254045554,34.4526034510872,162.98168714720373,250.89520689185184,23.806167418751983,7.0,46.0
2133,Davante Adams,LAR,WR,40.0,36,14.166208082706765,10.835101821207399,204.63134165701487,37.11462779770339,156.57373871591727,252.70941327497255,19.291080431849565,12.0,47.0
9758,C.J. Stroud,HOU,QB,131.7,33,14.257919877930366,9.107247119478469,203.39406489803554,32.45099648850304,162.24025231688984,246.02768207839162,-50.251350970048605,29.0,48.0
8162,Sam Howell,MIN,QB,,8,14.242168539325842,9.229140823078769,202.86035952029303,32.5987981086165,161.4645019421758,244.6013945631589,-50.78505634779111,30.0,49.0
96,Aaron Rodgers,PIT,QB,176.7,1,14.047811773744359,9.739951301692779,201.26748533788543,33.95306779950771,157.68967510431315,245.19463860423167,-52.37793053019871,31.0,50.0
4035,Alvin Kamara,NO,RB,40.0,36,14.012863459424803,10.2485923630776,200.97043864486284,36.04713917811397,155.9722154039447,247.11945498587102,18.209523523159277,8.0,51.0
8138,James Cook,BUF,RB,32.0,36,14.137751511265801,8.931543500515522,200.76349110798844,31.858885704087175,159.74718355307346,241.5046265094882,18.00257598628488,9.0,52.0
9224,Chase Brown,CIN,RB,23.3,10,13.92211410681277,9.280542458881195,198.7097986957939,33.03378528552078,156.80133051632436,240.75960079573622,15.948883574090331,10.0,53.0
2449,Stefon Diggs,NE,WR,91.3,26,14.00658383610849,8.491512104494603,198.62187401660205,30.454392073480275,160.02740303794778,237.6944645276776,13.281612791436743,13.0,54.0
4018,Joe Mixon,HOU,RB,61.7,36,13.908061725285464,9.256169371249678,198.41218399607908,32.83979143635593,156.08078810216796,241.96055810307357,15.651268874375518,11.0,55.0
7569,Nico Collins,HOU,WR,12.3,33,13.611149792429792,10.792893499061003,197.91566988605825,36.61620183483441,151.35952462619778,245.77459298518636,12.575408660892947,14.0,56.0
11604,Brock Bowers,LV,TE,18.0,18,13.906810133333334,8.191691498037336,196.87959467792857,29.123682386183955,159.51123065214858,234.36076603175943,43.890058544246244,1.0,57.0
8130,Trey McBride,ARI,TE,26.3,22,13.90746342857143,7.92393528112057,196.8029762615813,28.968557428615497,160.11694625815056,234.096580250502,43.813440127898986,2.0,58.0
4034,Christian McCaffrey,SF,RB,9.0,36,13.12765253862124,12.419908141277507,196.77051802134056,40.48898260260431,145.6699784493952,247.9629456186273,14.009602899637002,12.0,59.0
421,Matthew Stafford,LAR,QB,173.7,14,13.859620058260509,8.959905265502098,196.7400957135347,31.55829110729624,155.2767616485077,237.11072071775627,-56.90532015454943,32.0,60.0
5850,Josh Jacobs,GB,RB,17.0,36,13.824148134578984,8.765655972073626,196.42365959681683,30.947446705137953,155.62236192379618,236.49963453567358,13.662744475113271,13.0,61.0
11635,Ladd McConkey,LAC,WR,25.3,18,13.658514632735685,8.811455669338478,194.0258698526251,31.608371655330455,153.52495506111654,234.47104970498364,8.6856086274598,15.0,62.0
9226,De'Von Achane,MIA,RB,13.7,35,13.36493193749927,10.375788355091968,193.57916525204922,35.0841950489117,149.08005913965192,239.07132561282887,10.81825013034566,14.0,63.0
8112,Drake London,ATL,WR,18.7,36,13.386399146905724,9.243828113388949,191.73839542874984,32.218285365034355,150.70048487099206,233.73231818345656,6.398134203584533,16.0,64.0
5927,Terry McLaurin,WAS,WR,43.0,36,13.478248178137653,8.214589744315978,191.55643418280687,29.539375199741396,154.15559679866942,229.83115254151986,6.216172957641561,17.0,65.0
7543,Travis Etienne,JAX,RB,95.0,24,13.420079043780916,8.82710126332216,190.87783804966884,30.92433357182771,151.6899581281193,232.23768599308298,8.116922927965277,15.0,66.0
4017,Deshaun Watson,CLE,QB,,10,13.128335035750768,9.871187066918699,189.75894065897265,34.384513592906316,145.96482554480832,234.1420532637136,-63.886475209111495,33.0,67.0
8146,Garrett Wilson,NYJ,WR,35.7,36,13.375020488721804,7.696755558879487,189.39589177319527,27.956638110511854,154.36349981010528,225.23589026606035,4.055630548029967,18.0,68.0
3164,Ezekiel Elliott,,RB,,5,13.1713535122787,8.688159453219324,187.74964553751528,30.227056374804558,149.40147939273612,226.12135846279182,4.988730415811716,16.0,69.0
4037,Chris Godwin,TB,WR,84.3,25,13.2046406577775,8.204818671177998,187.29287476237033,29.15351697793917,150.43921967005502,224.22352949414352,1.9526135372050248,19.0,70.0
5892,David Montgomery,DET,RB,53.7,33,13.135325883861514,8.125409137969656,186.52507728758462,28.82980427070766,149.54794735269152,223.4276449392142,3.7641621658810607,17.0,71.0
4137,James Conner,ARI,RB,48.0,36,12.930588378518657,9.411879724045509,185.58425706467992,33.18189949049061,143.02854215284384,228.99914702126452,2.8233419429763558,18.0,72.0
10229,Rashee Rice,KC,WR,52.3,15,12.843609519525309,9.612882207470212,185.3402612251653,32.90677333691347,143.99756208478487,228.0939475867574,0.0,20.0,73.0
4068,Mike Williams,,WR,,3,12.834967418546364,9.295822587267994,184.30039790600412,31.891838252523378,143.41520251456922,224.64789342728977,-1.039863319161185,21.0,74.0
5045,Courtland Sutton,DEN,WR,51.3,25,12.878072186703763,8.25627102296726,183.43136282126895,28.984809569671338,145.62612015024166,220.00817885371296,-1.9088984038963588,22.0,75.0
4111,D'Onta Foreman,,RB,,3,12.507533980582526,10.246511026243548,182.76091512170356,34.2543433125058,138.67364254211353,227.28627136929887,0.0,19.0,76.0
4144,Jonnu Smith,PIT,TE,121.0,7,12.839637654135336,6.920722985840503,180.9770426990691,24.877943489524345,149.1718348473064,213.30036877266906,27.98750656538678,3.0,77.0
4981,Calvin Ridley,TEN,WR,69.0,31,12.690159317793588,8.533951312728055,180.7488204117978,30.16025747129209,142.41089556603845,219.56598715964012,-4.591440813367512,23.0,78.0
4217,George Kittle,SF,TE,36.3,36,12.584709714285713,8.516980578154486,179.16489778355103,30.266543084044343,140.4688635704711,218.9755019025237,26.175361649868705,4.0,79.0
1479,Keenan Allen,LAC,WR,159.7,28,11.860623556969347,11.753200289853503,179.12603345135386,37.9990608688612,130.5187919149918,229.04043538203172,-6.214227773811444,24.0,80.0
9753,Zach Charbonnet,SEA,RB,107.7,13,12.298509895585275,9.625034108229505,178.89769584420316,32.96054103777976,136.46028659145406,221.49488496875185,-3.8632192775004057,20.0,81.0
7594,Chuba Hubbard,CAR,RB,42.3,26,12.457959005408743,8.587221548187133,178.3470347481541,30.390494638607652,139.28200704432,217.98782496232633,-4.4138803735494605,21.0,82.0
6813,Jonathan Taylor,IND,RB,19.7,36,12.098072975819749,10.203067264050812,177.51631666162461,34.74815046078203,133.06822940179066,222.73982277826005,-5.244598460078947,22.0,83.0
7525,DeVonta Smith,PHI,WR,53.7,36,12.207631347599767,9.150713650723613,176.90104170771824,31.737767331687262,136.0710724672568,217.71110125129732,-8.439219517447071,25.0,84.0
8230,Ty Chandler,MIN,RB,,1,12.054846900672144,9.09713249213284,174.78555301958866,31.537769946137388,135.03812817094396,215.63138308252488,-7.9753621021149,23.0,85.0
4454,Kendrick Bourne,NE,WR,,1,11.917270098322728,9.451480392725076,174.19069098271015,32.18575971838193,133.20083014179457,216.81951814134857,-11.149570242455155,26.0,86.0
5947,Jakobi Meyers,LV,WR,94.7,25,12.167126475231738,8.113971632260819,174.13791200572132,29.076444077532383,136.75479759851822,211.4853814150954,-11.202349219443988,27.0,87.0
9488,Jaxon Smith-Njigba,SEA,WR,31.7,30,12.127523379878266,8.25585445790642,173.94215952363635,28.923432799457974,136.76101527744828,211.04920291536723,-11.398101701528958,28.0,88.0
9756,Jordan Addison,MIN,WR,84.3,24,12.006122170811643,9.071339528377742,173.84573442724428,31.145034273340062,134.2209656943939,214.39911102112922,-11.494526797921026,29.0,89.0
5846,DK Metcalf,PIT,WR,49.0,36,12.092116830537885,8.448464548386344,173.7329342453279,29.620872121275692,135.29875795975175,211.8884363276882,-11.60732697983741,30.0,90.0
8136,Rachaad White,TB,RB,140.7,26,12.141020256264401,7.778832070915523,172.12984435985732,27.746589302060706,136.603309141714,207.83703289570371,-10.631070761846246,24.0,91.0
11628,Marvin Harrison,ARI,WR,39.7,18,11.867545702718331,8.796376172682583,171.51364721237408,30.48602411678581,132.1147907107283,210.87663357201743,-13.826614012791225,31.0,92.0
8228,Jaylen Warren,PIT,RB,84.3,10,11.977095555296506,8.090779098846705,170.7191905540092,28.512959805246147,134.25448427591638,207.12397849602925,-12.04172456769436,25.0,93.0
2749,Raheem Mostert,LV,RB,251.5,18,11.33263255785553,11.088323483754099,170.66251170368292,36.065332534377184,125.65756595410545,218.15671647845096,-12.098403418020638,26.0,94.0
6803,Brandon Aiyuk,SF,WR,130.0,25,11.87187183342973,8.708908879495498,170.46069535364214,30.239370405522116,131.93731059789445,209.20305493209185,-14.87956587152317,32.0,95.0
8119,Jahan Dotson,PHI,WR,,1,11.640347021399652,9.451480392725076,170.1357903019685,32.06288657575901,128.76728129497823,211.92193766365702,-15.204470923196794,33.0,96.0
1466,Travis Kelce,KC,TE,63.7,36,11.861085714285712,8.324538522957138,170.062825165312,28.959251029695753,132.93474469337198,207.2783479392047,17.073289031629685,5.0,97.0
5248,Gus Edwards,,RB,,11,11.787522161249473,8.85396492974779,169.95814517301457,30.922801208715747,131.1735463540816,210.46292223138929,-12.80276994868899,27.0,98.0
7593,Trey Sermon,PIT,RB,,2,11.636643550624132,9.247344046777092,169.8541557827126,32.04467558274738,129.65081718027628,211.65173584555515,-12.906759338990952,28.0,99.0
10859,Sam LaPorta,DET,TE,53.3,34,11.964560968944097,7.6155347403439455,169.81268560926858,27.063666170757998,134.90358040725846,204.8769763376479,16.823149475586263,6.0,100.0
9997,Zay Flowers,BAL,WR,60.7,36,11.898054487179486,8.199008115400588,169.43346255830878,28.801602349240646,133.10821352270514,205.8597054097727,-15.906798666856531,34.0,101.0
5872,Deebo Samuel,WAS,WR,88.0,31,11.423642567958357,10.044828061432536,169.29903297198544,33.76668346724393,126.41739689173761,213.09462605026985,-16.041228253179867,35.0,102.0
3225,Tyler Boyd,,WR,,3,11.50163408521303,9.301199792175298,167.95496331368875,31.404324173635807,127.92946147433122,209.66995205656832,-17.385297911476556,36.0,103.0
5185,Allen Lazard,NYJ,WR,,1,11.455731636784266,9.451480392725076,167.4971848593839,31.360303523403168,127.8229273264189,208.05315454186635,-17.8430763657814,37.0,104.0
6806,J.K. Dobbins,DEN,RB,108.3,11,11.71508040172989,7.862572756363187,167.42733620264985,27.83256215327015,131.44315002805715,203.266879750372,-15.333578919053707,29.0,105.0
6790,D'Andre Swift,CHI,RB,61.0,33,11.733849740489712,7.501516676464806,166.85912446521613,26.492973625640623,132.54450400642315,200.87145663588097,-15.901790656487435,30.0,106.0
6801,Tee Higgins,CIN,WR,31.7,36,11.118555682475419,10.735478345454345,166.46893618007653,33.993966403282286,123.16727253566292,211.4901959413374,-18.87132504508878,38.0,107.0
5844,T.J. Hockenson,MIN,TE,63.7,26,11.661676571428572,7.499651196470044,166.39576323294764,26.678890590163125,132.6054989623571,200.8467342075527,13.406227099265323,7.0,108.0
BUF,Buffalo Bills,BUF,DEF,190.7,17,11.71943484022064,7.356742915605207,165.91936394612287,25.594496579766254,133.30726486417936,199.9160606808511,26.36510188378017,1.0,109.0
8151,Kenneth Walker,SEA,RB,42.0,36,11.39480032973072,9.168570339347271,165.5665226846181,31.266748411167193,126.26985240351796,206.1432793345636,-17.19439243708547,31.0,110.0
6783,Jerry Jeudy,CLE,WR,76.0,10,11.462867542983332,8.482325544130541,165.3407790717655,29.441313773297097,128.12335328046552,203.30530808355584,-19.99948215339981,39.0,111.0
3286,Demarcus Robinson,SF,WR,,1,11.201885482938113,9.451480392725076,164.9947623891167,31.616819512502374,124.51184297204217,205.88517054083334,-20.34549883604862,40.0,112.0
7021,Rico Dowdle,CAR,RB,151.0,5,11.501059254549961,8.088671997588003,164.80783698507307,28.625918118989347,128.14257149978243,202.06703828238793,-17.953078136630495,32.0,113.0
7611,Rhamondre Stevenson,NE,RB,111.7,26,11.46271122530635,8.241006545711778,164.71747799387518,28.456257777756004,128.50115720244426,200.70019359267644,-18.043437127828383,33.0,114.0
9229,Anthony Richardson,IND,QB,181.3,15,11.129005841463602,9.65606221761582,164.61825374606835,32.03498962155187,124.24338432554603,206.0142620205388,-89.0271621220158,34.0,115.0
7608,Khalil Herbert,IND,RB,,2,11.422357836338419,8.786676255090512,164.53218223591992,29.928931330794004,126.37507758731,203.23670953791054,-18.228732885783643,34.0,116.0
5967,Tony Pollard,TEN,RB,65.3,33,11.557506844965499,7.270231416122446,164.2152702326932,25.634188729663247,131.56927535504013,196.90566357214988,-18.54564488901036,35.0,117.0
7496,Nick Westbrook-Ikhine,MIA,WR,,1,11.171116252168883,9.451480392725076,163.8044365395373,32.016803786829534,122.31185936532223,205.4778595925686,-21.535824685628,41.0,118.0
8139,Zamir White,LV,RB,,1,11.254846900672144,9.09713249213284,163.6157894851434,31.04919562607224,123.58126797020152,203.90215196863213,-19.145125636560152,36.0,119.0
8676,Rashid Shaheed,NO,WR,157.0,7,11.169175830263919,9.207743659456783,162.91987506354218,30.774445153470946,124.01713819907538,202.65680878827717,-22.420386161623128,42.0,120.0
6130,Devin Singletary,NYG,RB,291.0,10,11.318244566937,8.021785322462078,162.5257652562471,27.535798144373764,127.76098047898928,198.22503011793648,-20.235149865456464,37.0,121.0
11199,Emari Demercado,ARI,RB,,1,11.108693054518296,9.09713249213284,162.3826066739372,30.331768437833418,123.90983208534446,202.13984651919395,-20.378308447766358,38.0,122.0
11618,Jalen McMillan,TB,WR,166.0,1,10.992251528228852,9.451480392725076,162.00081101141467,31.755881371442726,121.70294490324434,202.44379357532097,-23.339450213750638,43.0,123.0
10222,Jayden Reed,GB,WR,102.3,18,11.049798187777135,9.165998306735462,161.7488805598136,31.34445420533636,121.23500175030614,201.97298196734798,-23.591380665351693,44.0,124.0
11651,Isaac Guerendo,SF,RB,144.3,5,10.93977757184574,9.622843378366099,161.53634444846807,32.01102860860343,121.48575036063785,202.9634332235777,-21.22457067323549,39.0,125.0
1166,Kirk Cousins,ATL,QB,235.0,18,10.670003190456375,10.379422640763398,161.31935027870253,33.9864593200442,118.19320578483728,205.55728321566133,-92.32606558938161,35.0,126.0
6819,Michael Pittman,IND,WR,134.0,36,11.220175274725275,8.001508725098232,161.22919881291566,27.79193031714536,125.82793604408629,197.2186082440207,-24.11106241224965,45.0,127.0
1689,Adam Thielen,CAR,WR,174.0,15,11.078927429685322,8.884418323676684,161.17730401083725,30.13087555397988,123.45295107380493,199.60886813818493,-24.16295721432806,46.0,128.0
1426,DeAndre Hopkins,BAL,WR,164.0,21,11.076437036647562,8.855891683508602,160.8608502823312,29.764960841154938,122.60990141931575,199.65882981815025,-24.479410942834107,47.0,129.0
6963,Patrick Taylor,SF,RB,,1,10.90100074682599,9.09713249213284,159.96815394672035,30.65816310598721,121.1566897660773,199.09991828061175,-22.792761174983212,40.0,130.0
4171,Josh Reynolds,NYJ,WR,,2,10.873179377013964,9.285931374391456,159.92559362501945,31.449670222986647,119.83106322365221,201.3497917737941,-25.41466760014586,48.0,131.0
7528,Najee Harris,LAC,RB,115.0,31,11.17963370069482,7.663091510137226,159.5463172057944,26.718678665251684,124.86891213816583,193.5164763900398,-23.214597915909167,41.0,132.0
7090,Darnell Mooney,ATL,WR,149.3,2,10.866524233661075,9.097276766529129,159.47379088233225,30.290870140490494,120.58768445272946,198.1339410761101,-25.866470342833054,49.0,133.0
8143,Jerome Ford,CLE,RB,146.0,16,11.134944063538587,7.588107678888621,159.01363182900144,26.8062503153912,125.1585820502888,192.64843731684854,-23.74728329270212,42.0,134.0
DEN,Denver Broncos,DEN,DEF,130.7,12,11.124229222520109,7.385643634509117,158.75481629710012,25.98209531450143,125.29950661322225,192.4715296522324,19.20055423475742,2.0,135.0
4149,Jamaal Williams,,RB,,2,10.84378640776699,8.780830672782566,158.64255591178932,29.933631495984518,120.59642878411717,197.7803627549658,-24.118359209914246,43.0,136.0
4199,Aaron Jones,MIN,RB,65.7,36,10.979434443121454,8.1737792177871,158.40497343301877,28.19221613163813,121.98951747297016,194.74209029648665,-24.355941688684794,44.0,137.0
2374,Tyler Lockett,TEN,WR,264.5,13,10.672318908039328,8.753877370180684,157.09697621000606,29.95440161175114,119.39607731828453,196.45464561429176,-28.243285015159245,50.0,138.0
6938,Cam Akers,NO,RB,,3,10.70086731391586,8.670559800759674,156.82332162850187,29.636681341554574,118.81662943297358,195.229398549373,-25.93759349320169,45.0,139.0
9508,Tyjae Spears,TEN,RB,132.3,2,10.689582210242587,8.749939933653298,156.81161214158524,29.621037963144467,119.15264108866938,195.53605448753595,-25.94930298011832,46.0,140.0
11582,Carson Steele,KC,RB,,2,10.693786407766991,8.909000785519487,156.63581117677825,30.083202937651034,117.84611056169877,195.10009411362137,-26.125103944925314,47.0,141.0
8126,Wan'Dale Robinson,NYG,WR,192.5,4,10.74017589647195,8.616005568586866,156.60183314275113,29.839893245939894,118.49132297548866,194.63594853988744,-28.738428082414174,51.0,142.0
8408,Jordan Mason,MIN,RB,98.0,11,10.702074006228248,8.861149344440397,156.34281140541788,29.625680443412048,118.26592319614112,194.99047727162915,-26.418103716285685,48.0,143.0
7066,K.J. Osborn,WAS,WR,,5,10.730853604599734,8.860000632649522,156.08989709082817,30.309817627724428,117.84721710217106,195.9380588102429,-29.250364134337133,52.0,144.0
6820,Clyde Edwards-Helaire,NO,RB,,5,10.612529982866935,8.802861164676193,155.63318167903853,29.65940726706979,118.36480506494853,194.28744000124863,-27.127733442665033,49.0,145.0
8135,Treylon Burks,TEN,WR,,3,10.6083007518797,8.92262685283399,155.53196492424118,30.272467159241906,116.8070069345346,195.41013322775098,-29.808296300924127,53.0,146.0
11624,Xavier Worthy,KC,WR,60.3,9,10.678084177476658,8.73174031728154,155.3279693932741,29.450250900007607,118.3926365289375,193.16880365754403,-30.01229183189122,54.0,147.0
4950,Christian Kirk,HOU,WR,163.7,19,10.784012082314968,7.90560656128086,155.13373031300696,27.451956235783513,119.40041638193942,190.60849999458165,-30.206530912158343,55.0,148.0
4033,David Njoku,CLE,TE,92.3,26,10.617291248120301,8.389489320720156,154.9202191237762,28.46956315473105,119.25770151744415,191.44720571084005,1.930682990093885,8.0,149.0
11637,Keon Coleman,BUF,WR,137.3,2,10.400035115260678,9.254399283869926,153.76199026117325,30.666988206212967,114.37651711769996,193.67128402874852,-31.578270963992054,56.0,150.0
9225,Tank Bigsby,JAX,RB,117.3,5,10.392389125351553,9.260743203683184,153.73796764481833,30.487801958658295,115.53683501344192,194.13561999819737,-29.022947476885236,50.0,151.0
4993,Mike Gesicki,CIN,TE,195.7,1,10.649915604395604,7.7650983784659475,152.98953613368232,27.09182348508662,118.22582799360832,188.03656347117646,0.0,9.0,152.0
8137,George Pickens,DAL,WR,66.0,29,10.53940345046481,8.171868671709564,152.70471567181167,27.543856682054543,117.56115669010319,189.37694834694173,-32.63554555335364,57.0,153.0
7526,Jaylen Waddle,MIA,WR,72.0,35,10.426504219632552,8.399001799530362,152.57062106898456,28.42859361944599,116.49802870966779,189.49963761041693,-32.76964015618074,58.0,154.0
11655,Tyrone Tracy,NYG,RB,80.7,7,10.554050269472913,7.998639192135242,152.55422904432984,27.589401037342075,116.91841634440979,188.17115259490518,-30.206686077373718,51.0,155.0
10235,Roschon Johnson,CHI,RB,192.5,1,10.318869925458312,9.09713249213284,152.4380814885195,30.25652568300062,114.80304842810573,191.2804382286746,-30.322833633184075,52.0,156.0
6943,Gabe Davis,,WR,,18,10.124150375939848,9.536510204198713,151.9918368077053,31.185161538616942,112.34428286859169,193.3165542570807,-33.348424417459995,59.0,157.0
9500,Josh Downs,IND,WR,119.3,5,10.320105576157587,9.122752392263527,151.95459247326403,30.574736904513014,113.63926465609693,191.38644373951004,-33.38566875190128,60.0,158.0
8134,Khalil Shakir,BUF,WR,106.7,11,10.463532818668746,8.368250597973425,151.9504078356169,28.114065736748092,116.06093760400412,188.45104570662423,-33.38985338954842,61.0,159.0
4988,Nick Chubb,HOU,RB,141.7,5,10.434952490759997,8.270708233553174,151.89769389519967,28.158376112724167,116.13607359738104,188.5383187742099,-30.863221226503896,53.0,160.0
4663,Austin Ekeler,WAS,RB,140.7,25,10.367596837357599,8.604048522115473,151.62579890943982,29.376967412317065,114.82717650141434,189.27695137390992,-31.13511621226374,54.0,161.0
5012,Mark Andrews,BAL,TE,75.7,15,10.519614476190476,7.675077132980123,151.3265600906704,26.746280700535923,116.73400413137047,185.57664309763248,-1.6629760430119234,10.0,162.0
7045,Joshua Kelley,,RB,,3,10.320867313915858,8.454248727371578,150.97815267107094,28.5552359656533,114.76793219429162,187.89309222836837,-31.782762450632617,55.0,163.0
8132,Tyler Allgeier,ATL,RB,163.7,2,10.182626933242613,8.740264187844089,149.9541930578309,29.120753718623664,113.31427182439867,187.7275513614233,-32.806722063872655,56.0,164.0
4039,Cooper Kupp,SEA,WR,95.3,36,9.866088548293812,10.028319476523134,149.924246096114,32.74583302255872,108.20323077176324,192.35248942719096,-35.41601512905132,62.0,165.0
9501,DeMario Douglas,NE,WR,189.5,5,10.130830619535262,8.63710664577843,149.4545932958493,28.989184061655397,112.2323478285816,187.42922072171797,-35.885667929316014,63.0,166.0
4098,Kareem Hunt,KC,RB,176.0,12,10.342953288148014,7.500503852504578,149.26036289344077,25.808326942109908,116.32732898459095,182.41409906690913,-33.50055222826279,57.0,167.0
MIA,Miami Dolphins,MIA,DEF,222.5,10,10.418393858152571,7.112858355211007,149.06170266123507,24.428092575115084,117.71753232926262,180.61167855816257,9.507440598892373,3.0,168.0
11533,Brandon Aubrey,DAL,K,131.0,33,10.556304909560726,5.129528883329231,148.872015291377,18.92947674791737,124.53983903790265,173.09184629234824,28.81733584227669,1.0,169.0
9502,Tank Dell,HOU,WR,,21,10.049227614490773,8.585801312440413,147.88540880637214,28.488561543774654,111.96616254682098,185.34713118198516,-37.454852418793166,64.0,170.0
5995,Justice Hill,BAL,RB,189.0,2,10.007606442833593,8.890525791118355,147.86471026718849,29.455719856234104,109.04443110919351,185.93341427188324,-34.89620485451508,58.0,171.0
2309,Amari Cooper,,WR,273.0,36,9.414699783111624,10.41558655555523,146.9853600588678,33.24830290293146,104.60169528862005,190.24520214559703,-38.35490116629751,65.0,172.0
7562,Tutu Atwell,LAR,WR,310.0,3,9.857547299016773,8.801673728962273,146.63617752637407,29.300539936036955,109.04497716234063,183.91316280506723,-38.70408369879124,66.0,173.0
7588,Javonte Williams,DAL,RB,112.7,21,10.167185709448393,7.352047671317819,146.62904479016206,25.36289758247348,114.47991384602112,178.8598469036318,-36.131870331541506,59.0,174.0
9754,Quentin Johnston,LAC,WR,203.0,10,9.67586932015353,9.599094152125572,145.74289329685826,31.478527671794275,104.8903190039572,186.8474216273825,-39.59736792830705,67.0,175.0
8148,Jameson Williams,DET,WR,63.7,9,9.739761976369493,8.783352945683097,145.69585780172847,29.07466801638434,108.11750208371281,183.90886884790376,-39.64440342343684,68.0,176.0
7049,Jauan Jennings,SF,WR,99.3,5,9.864824767801856,8.52971929259984,145.51793087021537,28.819504964274095,109.30677269425854,183.00275128605452,-39.82233035494994,69.0,177.0
PIT,Pittsburgh Steelers,PIT,DEF,143.7,26,10.200667419218286,6.610176404101011,145.47936699643353,23.398582051099634,115.1975838571554,175.85883730601822,5.925104934090825,4.0,178.0
DAL,Dallas Cowboys,DAL,DEF,243.0,21,9.577318493243427,9.567220240673787,145.00716344982814,30.59881267955621,105.40593258282168,184.1760947353058,5.45290138748544,5.0,179.0
HOU,Houston Texans,HOU,DEF,170.0,8,10.117890974084002,7.115024257854109,144.93558278022954,24.731835406049026,113.42184447654364,176.19643404373323,5.381320717886837,6.0,180.0
5937,Diontae Johnson,CLE,WR,298.0,15,9.927668615984405,7.959897353179808,144.808644066616,27.4784447389789,109.34863762275207,179.6887016441597,-40.531617158549295,70.0,181.0
7596,Elijah Moore,BUF,WR,323.0,4,9.732037319259687,8.655454077704603,143.390831196893,28.196966832691036,108.04054903851879,179.8975146619231,-41.9494300282723,71.0,182.0
8121,Romeo Doubs,GB,WR,199.5,3,9.519639005205319,8.996477271034898,142.58901673814222,29.53982757448251,105.25955407101854,181.7240007047921,-42.75124448702309,72.0,183.0
2161,Jerick McKinnon,,RB,,6,9.587389428263215,8.611914347154595,142.49949638929712,28.444075334422656,106.09285401560523,178.80430391987568,-40.26141873240644,60.0,184.0
4040,JuJu Smith-Schuster,KC,WR,,5,9.701441839893851,8.310060842770643,142.39213001936827,27.859492229414425,106.56214189290857,178.30665910843098,-42.94813120579704,73.0,185.0
2197,Brandin Cooks,NO,WR,314.5,18,9.530458315018315,8.864257734800043,142.3687607532233,29.384808927327438,104.98838301376799,180.539433015425,-42.971500471941994,74.0,186.0
4985,Rashaad Penny,,RB,,3,9.607533980582526,8.43857568784579,142.15556082984435,27.74052833703669,107.08019783732635,177.66021896835048,-40.605354291859214,61.0,187.0
8131,Isaiah Likely,BAL,TE,184.3,8,9.781151085714287,7.559104075035173,141.66202455938128,26.021184838378485,108.49193591514037,175.7113905008894,-11.327511574301042,11.0,188.0
8154,Brian Robinson,WAS,RB,81.0,32,9.741336200436312,7.644105530366046,141.36929359661374,25.78829484786364,108.96943992852091,174.35450197191417,-41.39162152508982,62.0,189.0
8205,Isiah Pacheco,KC,RB,63.0,33,9.391805629846738,8.826551657089453,141.14790812294677,29.33857216227659,104.58306391406825,179.05997485670395,-41.61300699875679,63.0,190.0
6945,Antonio Gibson,NE,RB,229.0,3,9.49170588019784,8.541636824374006,140.69560837968768,28.465583177407566,104.83982218437079,178.0011278658772,-42.06530674201588,64.0,191.0
9484,Tucker Kraft,GB,TE,107.3,16,9.779237959183675,6.980922505968342,140.69078974366514,23.92145424000283,109.75459992878685,171.28816828653888,-12.298746390017186,12.0,192.0
8144,Chris Olave,NO,WR,75.7,36,9.453928041256988,8.65742169404156,140.57167010059686,28.230391013494078,104.97700260991785,177.0171059721096,-44.768591124568445,75.0,193.0
DET,Detroit Lions,DET,DEF,184.0,9,9.916905400229796,5.841009474428182,140.2700212954286,20.833385710358684,113.47652258545999,166.41626603291738,0.7157592330858904,7.0,194.0
11620,Rome Odunze,CHI,WR,82.3,18,9.588879838056677,7.780902304224722,139.99365220869038,26.23275606350654,106.29266649367761,174.1413555856925,-45.34660901647493,76.0,195.0
4066,Evan Engram,DEN,TE,86.3,36,9.545739,7.866912982281447,139.7748455342301,26.66684800757933,105.48439261135991,173.9257298238317,-13.214690599452211,13.0,196.0
BAL,Baltimore Ravens,BAL,DEF,155.3,20,9.845227882037534,5.7348617937820014,139.5542620623427,20.324171709525203,113.5342146234167,165.52356705772678,0.0,8.0,197.0
5906,Dawson Knox,BUF,TE,,1,9.582818461538462,7.7650983784659475,139.41163927956134,25.886896273762797,106.50968474353726,172.49813093073868,-13.57789685412098,14.0,198.0
MIN,Minnesota Vikings,MIN,DEF,157.0,11,9.833154602323502,6.033592658654959,139.3863028316391,21.247405357099026,112.38820699530585,166.68850004748543,-0.16795923070358754,9.0,199.0
7670,Joshua Palmer,BUF,WR,189.0,6,9.323660458839406,8.41916271057783,138.39871743156382,27.878143020103288,103.45407316507703,174.48620265104148,-46.94154379360148,77.0,200.0
5848,Hollywood Brown,KC,WR,,18,9.234150375939851,8.106044529193564,137.0047297164076,26.683335834963817,102.40705648368802,172.36807194436048,-48.3355315087577,78.0,201.0
2505,Darren Waller,MIA,TE,207.0,8,9.356390399999999,7.5356033318579145,136.5958215914572,25.709754913365188,104.5676408784696,169.79407832825268,-16.393714542225126,15.0,202.0
4455,Matt Breida,,RB,,7,9.30068472151252,7.91318813034793,136.47496037212048,26.303340634762893,103.49260978199702,169.93530727987678,-46.285954749583084,65.0,203.0
8110,Jake Ferguson,DAL,TE,124.0,24,9.413503873015872,6.692841308358372,135.21193190634062,23.598956801561602,104.51096046007348,165.36397316822544,-17.777604227341698,16.0,204.0
GB,Green Bay Packers,GB,DEF,238.7,12,9.379843610366397,6.646393269297862,135.02247589164352,23.249706385548084,105.4744109964567,165.03614244209967,-4.531786170699178,10.0,205.0
6865,Colby Parkinson,LAR,TE,,1,9.136664615384616,7.7650983784659475,134.10407125282194,26.436350258655242,100.2432506696522,167.75399417230898,-18.885464880860383,17.0,206.0
3678,Wil Lutz,DEN,K,217.3,2,9.479864736592312,5.238289337184835,133.92942655589607,18.874419045360188,109.31406394864368,158.13767773524032,13.874747106795752,2.0,207.0
PHI,Philadelphia Eagles,PHI,DEF,131.7,21,9.399699948547132,6.218169481848077,133.6568782168693,21.9023473160641,105.9778744500909,162.15691624892463,-5.897383845473399,11.0,208.0
1945,Chris Boswell,PIT,K,170.7,8,9.42997508305648,5.544512589943684,133.4127834283713,19.99835589859302,107.9577224350369,159.53631239687837,13.358103979270993,3.0,209.0
2078,Odell Beckham,,WR,,6,8.973583959899749,8.070300597101474,132.56085020544901,27.14304001436215,98.08230394324471,168.24073206312588,-52.77941101971629,79.0,210.0
LAR,Los Angeles Rams,LAR,DEF,234.0,5,9.215238395626345,6.530447121020868,132.23791760536918,22.78487769553118,103.67825538026689,161.9011984646579,-7.316344456973525,12.0,211.0
CLE,Cleveland Browns,CLE,DEF,269.0,12,9.127628835269585,6.919614528953066,131.78804107787994,23.788920251086786,101.34891922620234,162.66517065189836,-7.7662209844627625,13.0,212.0
SF,San Francisco 49ers,SF,DEF,198.0,26,9.187865105122057,6.390371173550517,131.68144704100476,22.233925063936372,103.4546493398536,160.33783875685108,-7.872815021337942,14.0,213.0
8259,Cameron Dicker,LAC,K,143.3,33,9.333495754891105,5.054872499519293,131.56581792151806,18.502702986675878,108.59945650307908,155.35995032806503,11.511138472417741,4.0,214.0
6826,Cole Kmet,CHI,TE,251.0,14,8.94962632967033,7.515352757613435,131.4939296609658,25.821493486246446,98.87137963421662,165.21566450645815,-21.49560647271653,18.0,215.0
4089,Gerald Everett,,TE,,4,9.11729,7.007084671611791,131.48836421526033,23.660768807265708,100.67666588332543,162.53244939143164,-21.50117191842199,19.0,216.0
5133,Tyler Conklin,LAC,TE,284.0,1,8.880994461538462,7.7650983784659475,130.4543930957034,25.873476806245822,97.44959983001964,164.10754790080838,-22.535143037978912,20.0,217.0
7553,Kyle Pitts,ATL,TE,134.7,19,9.037956129032258,6.7144593444890655,130.36144637296843,23.283136890143727,100.71395880962064,159.79000311467834,-22.62808976071389,21.0,218.0
TEN,Tennessee Titans,TEN,DEF,236.0,2,9.000546406230052,6.565339253096204,130.28996056426755,22.8208549304103,101.86945705698646,159.7560238867541,-9.264301498075156,15.0,219.0
8111,Cade Otton,TB,TE,181.3,12,8.557470142857143,8.474061533078082,129.79688563079833,27.21883142756191,95.43971738598398,165.01488905182765,-23.192650502883993,22.0,220.0
11576,Braelon Allen,NYJ,RB,152.0,6,8.713041704829944,7.965688066312037,129.75953765890173,26.150241325054417,97.35573537310516,163.78563906811553,-53.00137746280183,66.0,221.0
10236,Dalton Kincaid,BUF,TE,125.7,24,9.018032317460317,6.279537328862891,129.2598513657237,21.929872395510422,101.16937621971283,157.79424782560272,-23.729684767958616,23.0,222.0
TB,Tampa Bay Buccaneers,TB,DEF,223.3,8,8.953329758713137,6.266967845723009,128.97628514841577,21.84527669732553,101.17956610193588,157.12157309053498,-10.577976913926932,16.0,223.0
7561,Elijah Mitchell,KC,RB,249.0,4,8.550068831287783,8.291416585654623,128.94960829844214,26.935470958113946,95.03784608484953,163.9794928171916,-53.81130682326142,67.0,224.0
CIN,Cincinnati Bengals,CIN,DEF,243.5,6,8.899265216959586,6.789616496752397,128.35275861567774,23.798815496534424,97.88739179315867,159.170755383925,-11.201503446664958,17.0,225.0
5987,Alexander Mattison,MIA,RB,,16,8.782607489597781,7.19390517486344,128.19448525950793,24.532981584639742,96.6683061936908,159.3790817357012,-54.56642986219563,68.0,226.0
4029,Dalvin Cook,,RB,,7,8.642789984670415,7.651152441813368,128.06925180970907,25.27206718071752,96.6631246882364,160.40302760261412,-54.69166331199449,69.0,227.0
CHI,Chicago Bears,CHI,DEF,219.5,1,8.822261634701313,6.821215883838671,127.84977145453021,23.554525605486734,97.64336659774176,157.64398117095504,-11.704490607812488,18.0,228.0
6845,Zack Moss,,RB,241.0,28,8.243009891921597,8.82971731461084,127.13936412687404,28.052045421622587,90.86521999935268,164.22238902101563,-55.62155099482952,70.0,229.0
KC,Kansas City Chiefs,KC,DEF,174.7,17,8.944589072755846,5.70491332749294,127.07767360166652,20.347570824151525,100.83894860215807,153.17664442564538,-12.476588460676183,19.0,230.0
8129,Dameon Pierce,HOU,RB,318.0,9,8.477700416088766,7.736775280932711,125.973305777614,25.650640224475353,93.80604741226199,159.3181091457306,-56.78760934408956,71.0,231.0
5857,Noah Fant,CIN,TE,313.0,1,8.444536615384616,7.7650983784659475,125.96109076032397,25.60901351945836,93.4720652336253,159.88275792745216,-27.028445373358352,24.0,232.0
3214,Hunter Henry,NE,TE,154.7,2,8.494363755102041,7.486814224031339,125.50680625781138,24.64428061073091,94.16866832012437,157.37105899051855,-27.482729875870945,25.0,233.0
11539,Jake Bates,DET,K,151.0,8,8.938330564784053,4.117298407430956,125.09679929824556,14.974941316751847,106.15169390774608,144.13286833625966,5.042119849145237,5.0,234.0
SEA,Seattle Seahawks,SEA,DEF,246.3,19,8.47883767188446,7.236191791719983,124.83715309567305,24.521902701574106,93.43677836329871,157.06279371408993,-14.717108966669656,20.0,235.0
1339,Zach Ertz,WAS,TE,163.7,3,8.42960777142857,7.20288153611879,124.32506976505142,24.368655923194336,93.32321843715577,155.943919751131,-28.664466368630897,26.0,236.0
ATL,Atlanta Falcons,ATL,DEF,328.0,12,8.201642091152815,8.034160310571668,123.94739311561247,25.899005350977053,91.76930074134545,157.88975565039712,-15.60686894673023,21.0,237.0
NE,New England Patriots,NE,DEF,246.0,3,8.493469168900802,6.408780250974119,122.90622375512831,21.952174585964862,94.29262229690136,151.31282495444879,-16.648038307214392,22.0,238.0
4234,Noah Brown,WAS,WR,324.0,8,7.790603007518798,8.872505666883743,122.16214342664229,27.81342692666105,87.70340600406948,157.9673959242541,-63.17811779852302,80.0,239.0
NYG,New York Giants,NYG,DEF,230.7,1,8.263219907884785,6.821215883838671,121.2127552703011,22.991125731617064,91.8467235213591,150.36229628250234,-18.3415067920416,23.0,240.0
6268,Matthew Wright,CAR,K,,1,8.526833631484795,4.968364732156483,120.93729755122673,17.91850593855679,98.24539065745212,143.92673429593341,0.8826181021264148,6.0,241.0
3451,Ka'imi Fairbairn,HOU,K,165.0,16,8.489190792596109,4.9484501028131,120.11463579527475,17.920272350627382,96.85714130424606,143.45987281233823,0.05995634617443102,7.0,242.0
4227,Harrison Butker,KC,K,187.0,28,8.45611295681063,5.031862012856841,120.05467944910032,18.083951650575997,97.15017387210382,143.55811458801836,0.0,8.0,243.0
2251,Logan Thomas,,TE,,11,8.112027826086956,6.79848408394544,119.37063584845215,22.834032057336785,90.07910292642876,148.94214335032927,-33.61890028523017,27.0,244.0
WAS,Washington Commanders,WAS,DEF,209.0,10,8.206097164676253,5.824610486086462,118.19409541833143,20.07420221805406,92.8771077690696,144.03264232664944,-21.360166644011272,24.0,245.0
LV,Las Vegas Raiders,LV,DEF,287.0,5,7.885507017820532,7.243737957743208,117.42094833554994,24.332328681286384,86.48982569575195,148.55507728111536,-22.133313726792764,25.0,246.0
1264,Justin Tucker,,K,,29,8.313386273397617,4.634229611132072,117.0413745634316,16.640325743109543,95.46089700109397,138.35766282902563,-3.013304885668717,9.0,247.0
6828,A.J. Dillon,PHI,RB,233.0,18,7.942480234475179,6.767452113005941,116.87623106642896,22.798622608101446,87.73334195180067,146.90480198751857,-65.8846840552746,72.0,248.0
ARI,Arizona Cardinals,ARI,DEF,234.0,4,7.9819034852546915,6.492805421424526,116.77868820148865,21.95531503555031,89.16020777234898,144.51582192789581,-22.775573860854053,26.0,249.0
4381,Taysom Hill,NO,TE,299.0,16,7.015345224489796,9.703441416870183,116.69646345094698,29.468909257210917,79.45980014940764,154.47605322380494,-36.29307268273534,28.0,250.0
2747,Jason Myers,SEA,K,,22,8.230848153214776,4.931590848202529,116.63436653850516,17.443089944412893,94.47458872241927,138.90468604065404,-3.4203129105951575,10.0,251.0
3199,Michael Thomas,,WR,,18,7.7374837092731825,7.441504198022889,116.62691251705554,24.13450084292782,85.90306631542242,148.24506839638823,-68.71334870810976,81.0,252.0
6219,Austin Seibert,,K,,1,8.219141323792487,4.968364732156483,116.47348219654947,17.652729979137735,94.26879785634854,139.10937993875277,-3.581197252550851,11.0,253.0
6151,Miles Sanders,DAL,RB,205.5,13,7.812014171093607,7.397496079839987,116.4247055087227,23.875866413206836,86.37234322533367,146.85819724208287,-66.33620961298087,73.0,254.0
4195,Jake Elliott,PHI,K,230.7,24,8.158282576596532,5.146910614767353,116.05552848047289,18.20771243929138,92.4360662677593,139.5773862553098,-3.9991509686274327,12.0,255.0
5119,Jason Sanders,MIA,K,245.3,23,8.158376839107737,5.179262564750717,115.96425019788575,18.265125657594538,92.77110981722034,139.29505485497032,-4.090429251214573,13.0,256.0
LAC,Los Angeles Chargers,LAC,DEF,262.0,21,7.540237224794865,7.3645814732688875,114.12583634679513,23.854237010592904,83.53925802547035,144.83471864494334,-25.428425715547576,27.0,257.0
7002,Juwan Johnson,NO,TE,263.5,4,7.525876428571428,7.049106486768631,112.99275824205098,23.206466542595,83.71718133321592,143.8812525780426,-39.99677789163134,29.0,258.0
5272,Greg Joseph,,K,,6,7.991602067183463,4.4823123672167355,112.90191953280032,16.329886674217548,91.96658029045398,134.00741375297474,-7.152759916299999,14.0,259.0
5022,Dallas Goedert,PHI,TE,133.3,36,7.479643785714285,7.399114509244102,112.84938363849395,24.300216072624973,81.99392125817955,145.00274800240646,-40.140152495188374,30.0,260.0
NYJ,New York Jets,NYJ,DEF,249.7,25,7.514754003333091,6.985118772566903,112.33365791174415,23.00759136154141,83.05424916988727,143.0448090078651,-27.220604150598547,28.0,261.0
7600,Pat Freiermuth,PIT,TE,197.0,9,7.5284591020408165,6.8533241347796094,112.07717835366213,22.911382774635765,82.96120039687683,141.6110264618446,-40.91235778002019,31.0,262.0
7042,Tyler Bass,BUF,K,220.3,21,7.934813248766738,4.532707084964967,111.93529513206738,16.345460589259286,90.85262774811302,132.96648968889258,-8.119384317032939,15.0,263.0
4958,Brett Maher,,K,,3,7.723255813953489,5.465579157266451,110.70291711270774,18.968883852432864,86.64992185650449,135.54712479980697,-9.351762336392582,16.0,264.0
IND,Indianapolis Colts,IND,DEF,284.0,4,7.396563896336014,6.695012241000488,109.93965965925734,22.3509193478876,82.01218184972205,138.42257422720084,-29.614602403085357,29.0,265.0
5001,Dalton Schultz,HOU,TE,216.0,17,7.460816866995073,6.2341863095975025,109.05550712290223,21.156723603963,81.96524630020988,135.93264725161168,-43.934029010780094,32.0,266.0
1348,Dustin Hopkins,CLE,K,,6,7.602713178294574,4.377185352287985,107.79992525822622,15.804990003403312,87.4722834888005,127.92051542730779,-12.254754190874095,17.0,267.0
NO,New Orleans Saints,NO,DEF,290.0,18,7.1841382186476,6.699096554421265,107.42888167374136,22.526719424249805,78.85178862347827,136.44186937473728,-32.12538038860134,30.0,268.0
7839,Evan McPherson,CIN,K,221.0,21,7.582497734823317,4.232901762103087,107.14693133349435,15.418039061208725,87.703823769428,127.19960978139649,-12.907748115605969,18.0,269.0
JAX,Jacksonville Jaguars,JAX,DEF,289.0,7,7.196607873571327,6.4736553027001325,106.62505093582836,21.044870416677657,79.41756826440411,133.9269424439743,-32.929211126514346,31.0,270.0
3271,Tyler Higbee,LAR,TE,283.0,12,7.009638857142857,6.968129416281376,105.8681752518639,22.30255131938636,77.42414324956681,134.9164094943951,-47.12136088181842,33.0,271.0
6083,Matt Gay,WAS,K,254.0,1,7.233324814720164,4.968364732156483,104.08546138845762,17.433402469957972,81.68222332254098,126.76190006437392,-15.969218060642703,19.0,272.0
4666,Younghoe Koo,ATL,K,222.7,36,6.898131229235881,5.440130195056614,100.31862838068955,18.717998376854485,76.77069368713168,124.58860386421324,-19.736051068410774,20.0,273.0
10937,Jake Moody,SF,K,257.0,3,6.9509302325581395,5.001541029243146,100.20180469144276,17.60163537428976,77.36927190389329,123.41200586490866,-19.85287475765756,21.0,274.0
5095,Daniel Carlson,LV,K,254.0,7,6.981334149326806,4.5578385658063,99.62547694295326,16.136548179014788,78.88264963232189,120.17552416653501,-20.429202506147064,22.0,275.0
7606,Kadarius Toney,,WR,,18,6.510817042606516,6.573117204695468,98.92373328317852,21.082475114095804,72.32694577120968,126.31657132131792,-86.41652794198679,82.0,276.0
8167,Christian Watson,GB,WR,300.0,21,6.08272891319207,6.862365161172565,94.98169231937418,21.713685032419594,67.53206101335607,123.70083030115742,-90.35856890579113,83.0,277.0
7922,Riley Patterson,,K,,12,5.9103682170542635,4.638601944586991,85.8289532614917,16.044038620752733,65.12649541691638,106.61475937166287,-34.225726187608615,23.0,278.0
